,0,1,2,3,4,5,6,7,8,9,10,11,12,13,14,15,16,17,18,19,20,21,22,23,24,25,26,27,28,29,30,31,32,33,34,35,36,37,38,39,40,41,42,43,44,45,46,47,48,49,50,51,52,53,54,55,56,57,58,59,60,61,62,63,64,65,66,67,68,69,70,71,72,73,74,75,76,77,78,79,80,81,82,83,84,85,86,87,88
0,[365],[366],[365],[365],[365],[366],[365],[365],[365],[366],[365],[365],[366],[365],[365],[365],[366],[365],[365],"[112, 216]",[365],[365],[365],[366],[365],[365],[365],[366],[365],[365],[365],[366],[365],[365],,,,,,,,,,,,,,,,,,,,,,,,,,,,,,,,,,,,,,,,,,,,,,,,,,,,,,,
1,[364],[365],[366],[365],[365],[365],[366],[365],[365],[365],[366],[365],[365],[365],[366],[365],[365],[365],[366],[365],[365],[365],[366],[365],[365],[365],[366],[365],[365],[366],[365],[365],[365],[366],[365],[365],[365],[366],[365],[365],[365],[366],[365],[365],[366],"[59, 265]",[365],[317],[365],[311],[358],,,,,,,,,,,,,,,,,,,,,,,,,,,,,,,,,,,,,,
2,[365],[365],[366],[365],[365],[365],[366],[365],[365],[365],,,,,,,,,,,,,,,,,,,,,,,,,,,,,,,,,,,,,,,,,,,,,,,,,,,,,,,,,,,,,,,,,,,,,,,,,,,,,,,
3,[365],[365],[366],[365],[365],[365],[366],[365],[365],[365],[366],[365],[365],[365],[366],[365],[365],[365],[366],[365],[365],[365],[366],[365],[365],[365],[366],[365],[365],[365],[366],[365],[365],[365],[366],[365],[365],[365],[366],[365],[365],[365],,,,,,,,,,,,,,,,,,,,,,,,,,,,,,,,,,,,,,,,,,,,,,,
4,[365],[365],[366],[365],[365],[365],[365],[365],[365],,,,,,,,,,,,,,,,,,,,,,,,,,,,,,,,,,,,,,,,,,,,,,,,,,,,,,,,,,,,,,,,,,,,,,,,,,,,,,,,
5,[365],[365],[366],[365],[365],[365],[365],[365],,,,,,,,,,,,,,,,,,,,,,,,,,,,,,,,,,,,,,,,,,,,,,,,,,,,,,,,,,,,,,,,,,,,,,,,,,,,,,,,,
6,[365],[365],[366],[365],[365],[365],[366],[365],[365],[365],,,,,,,,,,,,,,,,,,,,,,,,,,,,,,,,,,,,,,,,,,,,,,,,,,,,,,,,,,,,,,,,,,,,,,,,,,,,,,,
7,[365],[365],[366],[365],[309],[365],[366],[365],[365],[365],[366],[365],[365],[365],[366],[365],[365],[365],[366],[365],[365],[365],[366],[365],[365],[365],[366],[365],[365],[365],[366],[365],[365],[365],[366],[365],[365],[365],[366],,,,,,,,,,,,,,,,,,,,,,,,,,,,,,,,,,,,,,,,,,,,,,,,,,
8,[365],[365],[365],[366],[365],[365],[365],[366],[365],[365],[365],[366],[365],[365],[365],[366],[365],[365],[365],[366],[365],[365],[365],[366],[365],[365],[365],[366],[365],[365],[365],[366],[365],[365],[365],[366],[365],[365],[365],[366],[365],[365],[365],[366],[365],[365],[365],[366],[365],[365],[365],[366],[365],[365],[365],[366],[365],[365],[365],[366],[365],[365],[365],[366],[365],[365],[365],,,,,,,,,,,,,,,,,,,,,,
9,[365],[365],[366],[365],[365],[365],[366],[365],[365],[365],,,,,,,,,,,,,,,,,,,,,,,,,,,,,,,,,,,,,,,,,,,,,,,,,,,,,,,,,,,,,,,,,,,,,,,,,,,,,,,
10,[365],[366],[365],[365],[365],[366],[365],[365],[365],[366],[365],[365],[365],[366],[365],[365],[365],[366],[365],[365],[365],[308],[365],[365],[365],,,,,,,,,,,,,,,,,,,,,,,,,,,,,,,,,,,,,,,,,,,,,,,,,,,,,,,,,,,,,,,,
11,[366],[365],[365],[366],[365],[365],[366],[365],[365],[365],[366],[365],[365],[365],[366],[315],[365],[365],[366],[365],[365],[365],[366],[365],[365],[365],[366],[365],[365],[365],[366],[365],[365],[365],[366],[365],[365],[365],[366],[365],[365],[365],[308],[365],[365],[365],[366],[365],[365],[366],[365],[365],[365],[366],[365],[365],,,,,,,,,,,,,,,,,,,,,,,,,,,,,,,,,
12,[219],[365],[365],[365],[366],[365],[365],[365],[366],[365],[365],[365],[366],[365],[365],[365],[366],[365],[365],[366],[365],[365],[365],[366],[365],[365],[365],[366],[365],[365],,,,,,,,,,,,,,,,,,,,,,,,,,,,,,,,,,,,,,,,,,,,,,,,,,,,,,,,,,,
13,[365],[365],[366],[365],[365],[365],[366],[365],[365],[365],,,,,,,,,,,,,,,,,,,,,,,,,,,,,,,,,,,,,,,,,,,,,,,,,,,,,,,,,,,,,,,,,,,,,,,,,,,,,,,
14,[365],[365],[366],[365],[365],[365],[366],[365],[365],[365],,,,,,,,,,,,,,,,,,,,,,,,,,,,,,,,,,,,,,,,,,,,,,,,,,,,,,,,,,,,,,,,,,,,,,,,,,,,,,,
15,[365],"[285, 61]",[365],[365],[365],[366],[365],[365],[365],,,,,,,,,,,,,,,,,,,,,,,,,,,,,,,,,,,,,,,,,,,,,,,,,,,,,,,,,,,,,,,,,,,,,,,,,,,,,,,,
16,"[120, 51, nan, nan, 153]","[129, 214]",[365],[365],[365],[366],[365],[365],[365],[366],,,,,,,,,,,,,,,,,,,,,,,,,,,,,,,,,,,,,,,,,,,,,,,,,,,,,,,,,,,,,,,,,,,,,,,,,,,,,,,
17,[365],[365],[366],[365],[365],[365],[366],[365],[365],[365],,,,,,,,,,,,,,,,,,,,,,,,,,,,,,,,,,,,,,,,,,,,,,,,,,,,,,,,,,,,,,,,,,,,,,,,,,,,,,,
18,[365],[365],[366],[365],[365],[365],[365],[365],[365],,,,,,,,,,,,,,,,,,,,,,,,,,,,,,,,,,,,,,,,,,,,,,,,,,,,,,,,,,,,,,,,,,,,,,,,,,,,,,,,
19,[365],[365],[366],[365],[365],[365],[366],[365],[365],[365],,,,,,,,,,,,,,,,,,,,,,,,,,,,,,,,,,,,,,,,,,,,,,,,,,,,,,,,,,,,,,,,,,,,,,,,,,,,,,,
20,[365],[365],[366],[365],[365],[365],[366],[365],[365],[365],[366],[365],[365],[365],[366],[365],[365],[365],[366],[365],[365],[365],[366],[365],[365],[365],[366],[365],[365],[366],[365],[365],[365],[366],[365],[365],[365],[366],[365],[365],[365],[366],[365],[365],[365],[366],[365],[365],,,,,,,,,,,,,,,,,,,,,,,,,,,,,,,,,,,,,,,,,
21,[366],[365],[365],[365],[366],[365],[365],[365],[366],[365],[365],[365],[366],[365],[365],[365],[366],[365],[365],[365],[366],[365],[365],[365],[365],[339],,,,,,,,,,,,,,,,,,,,,,,,,,,,,,,,,,,,,,,,,,,,,,,,,,,,,,,,,,,,,,,
22,[365],[365],[366],[365],[365],[365],[366],[365],[365],[365],,,,,,,,,,,,,,,,,,,,,,,,,,,,,,,,,,,,,,,,,,,,,,,,,,,,,,,,,,,,,,,,,,,,,,,,,,,,,,,
23,"[124, 221]",[366],"[273, nan, nan, nan, nan, nan, 63]",[365],[365],[366],"[299, 7]","[130, nan, 196]",[365],[366],,,,,,,,,,,,,,,,,,,,,,,,,,,,,,,,,,,,,,,,,,,,,,,,,,,,,,,,,,,,,,,,,,,,,,,,,,,,,,,
24,"[30, 18, 38, 60, 60, 30, 60, 60]","[30, 19, 39, 60, 60, 30, 60, 60]","[30, 18, 38, 60, 60, 30, 60, 60]","[30, 18, 38, 60, 60, 30, 60, 60]","[30, 18, 38, 60, 60, 30, 60, 60]","[30, 19, 39, 60, 60, 30, 60, 60]","[30, 18, 38, 60, 60, 30, 60, 60]","[30, 18, 38, 60, 60, 30, 60, 60]","[30, 18, 38, 60, 60, 30, 60, 50]",[366],[365],[365],[365],[366],[365],,,,,,,,,,,,,,,,,,,,,,,,,,,,,,,,,,,,,,,,,,,,,,,,,,,,,,,,,,,,,,,,,,,,,,,,,,
25,[365],[365],[366],[365],[365],[365],[366],[365],[365],,,,,,,,,,,,,,,,,,,,,,,,,,,,,,,,,,,,,,,,,,,,,,,,,,,,,,,,,,,,,,,,,,,,,,,,,,,,,,,,
26,[365],[365],[366],[365],[365],[365],[366],[365],[365],[365],,,,,,,,,,,,,,,,,,,,,,,,,,,,,,,,,,,,,,,,,,,,,,,,,,,,,,,,,,,,,,,,,,,,,,,,,,,,,,,
27,[366],[365],[365],[365],[366],[365],[365],[365],[366],[365],[365],[366],[365],[365],[365],[366],[365],[365],[365],[366],[365],[365],[365],[366],[365],[365],[365],[366],[365],[365],[365],[366],[365],[365],[365],[366],[365],[365],[365],[366],[365],[365],[365],[366],[365],[365],[365],[366],[365],[365],[365],"[280, 43]",[365],[365],[365],[366],,,,,,,,,,,,,,,,,,,,,,,,,,,,,,,,,
28,[23],[365],[365],[366],[365],[365],[365],[366],[365],[365],[365],[366],[365],[365],[365],[366],[365],[366],[312],,,,,,,,,,,,,,,,,,,,,,,,,,,,,,,,,,,,,,,,,,,,,,,,,,,,,,,,,,,,,,,,,,,,,,
29,[365],[365],[366],[365],[365],[365],[366],[365],[365],[365],,,,,,,,,,,,,,,,,,,,,,,,,,,,,,,,,,,,,,,,,,,,,,,,,,,,,,,,,,,,,,,,,,,,,,,,,,,,,,,
30,[365],[365],[366],[365],[365],[365],[366],[365],[365],[365],[366],[365],[365],[365],[366],[365],[365],[365],[366],[365],[365],[365],[366],[365],[365],[365],[366],,,,,,,,,,,,,,,,,,,,,,,,,,,,,,,,,,,,,,,,,,,,,,,,,,,,,,,,,,,,,,
31,[365],[366],[365],[365],[365],[366],[365],[365],[365],,,,,,,,,,,,,,,,,,,,,,,,,,,,,,,,,,,,,,,,,,,,,,,,,,,,,,,,,,,,,,,,,,,,,,,,,,,,,,,,
32,[365],[365],"[158, 202]","[164, 200]","[154, 206]",[365],[366],"[273, 61]",[366],[365],[365],[365],[366],[365],[365],[365],[366],[365],[365],[365],[366],[365],[365],[365],[366],[365],[365],[365],[366],[365],[365],[365],[366],[365],[365],[366],[365],[365],[365],[366],[365],[365],[365],[366],[365],[365],[365],[366],[365],[365],[365],[366],[365],[365],[365],,,,,,,,,,,,,,,,,,,,,,,,,,,,,,,,,,
33,[365],[365],[366],[365],[365],[365],[366],[365],[365],[365],,,,,,,,,,,,,,,,,,,,,,,,,,,,,,,,,,,,,,,,,,,,,,,,,,,,,,,,,,,,,,,,,,,,,,,,,,,,,,,
34,[365],[365],[366],[365],[365],[365],[366],[365],[365],[365],,,,,,,,,,,,,,,,,,,,,,,,,,,,,,,,,,,,,,,,,,,,,,,,,,,,,,,,,,,,,,,,,,,,,,,,,,,,,,,
35,[218],[365],"[151, 184]",[365],"[59, 306]",[365],[365],[365],[366],[365],[365],[365],"[59, 306]",[365],[365],[366],"[120, 228]",[365],[365],"[59, 306]",[365],[365],[366],[365],[365],[365],[366],[365],[365],,,,,,,,,,,,,,,,,,,,,,,,,,,,,,,,,,,,,,,,,,,,,,,,,,,,,,,,,,,,
36,[365],[365],[366],[365],[365],[365],[366],[365],[365],[365],[366],[365],[365],[365],[366],[288],,,,,,,,,,,,,,,,,,,,,,,,,,,,,,,,,,,,,,,,,,,,,,,,,,,,,,,,,,,,,,,,,,,,,,,,,
37,[365],[365],[366],[365],[365],[365],"[212, 153]",[365],[365],[365],,,,,,,,,,,,,,,,,,,,,,,,,,,,,,,,,,,,,,,,,,,,,,,,,,,,,,,,,,,,,,,,,,,,,,,,,,,,,,,
38,[365],[365],[366],[365],[365],[365],[366],[365],[365],[365],,,,,,,,,,,,,,,,,,,,,,,,,,,,,,,,,,,,,,,,,,,,,,,,,,,,,,,,,,,,,,,,,,,,,,,,,,,,,,,
39,[365],[365],[366],[365],[365],[365],[366],[365],[365],[365],,,,,,,,,,,,,,,,,,,,,,,,,,,,,,,,,,,,,,,,,,,,,,,,,,,,,,,,,,,,,,,,,,,,,,,,,,,,,,,
40,[245],[365],[365],[365],[365],[366],[365],[365],[365],[366],[365],[365],[366],[365],[365],[365],[366],[365],[365],[365],[366],[365],[365],[365],[366],[365],[365],[365],[366],[365],[365],[365],[366],[365],[365],[365],[366],[365],[365],[365],[366],[365],[365],[365],[366],[365],[365],[365],,,,,,,,,,,,,,,,,,,,,,,,,,,,,,,,,,,,,,,,,
41,[365],[365],[366],[365],[365],[365],[366],[365],[365],[365],,,,,,,,,,,,,,,,,,,,,,,,,,,,,,,,,,,,,,,,,,,,,,,,,,,,,,,,,,,,,,,,,,,,,,,,,,,,,,,
42,[365],[365],[366],[365],[365],[365],[365],[365],"[132, 216]",[363],[365],[365],[365],[366],[365],[365],[365],[366],[365],[365],[365],[366],[365],[365],[365],[366],[365],[365],[365],[366],[365],[365],[365],[366],[365],[365],[365],[366],[365],[365],[365],[366],[365],[365],[365],[366],[365],[365],[365],[366],[365],[365],[365],[366],,,,,,,,,,,,,,,,,,,,,,,,,,,,,,,,,,,
43,[365],[365],[366],[365],[365],[365],[366],[365],[365],,,,,,,,,,,,,,,,,,,,,,,,,,,,,,,,,,,,,,,,,,,,,,,,,,,,,,,,,,,,,,,,,,,,,,,,,,,,,,,,
44,[365],[365],[366],[365],[365],[365],[366],[365],[365],[365],,,,,,,,,,,,,,,,,,,,,,,,,,,,,,,,,,,,,,,,,,,,,,,,,,,,,,,,,,,,,,,,,,,,,,,,,,,,,,,
45,[365],[365],[365],[365],[365],[366],[365],[365],[365],,,,,,,,,,,,,,,,,,,,,,,,,,,,,,,,,,,,,,,,,,,,,,,,,,,,,,,,,,,,,,,,,,,,,,,,,,,,,,,,
46,[365],[365],[366],[365],[365],[365],[366],[365],[365],[365],,,,,,,,,,,,,,,,,,,,,,,,,,,,,,,,,,,,,,,,,,,,,,,,,,,,,,,,,,,,,,,,,,,,,,,,,,,,,,,
47,[366],[365],[365],[366],[365],[365],[365],[366],[365],[365],[366],[365],[365],[365],[366],[365],[365],[365],[366],[365],[365],[365],[366],[365],[365],[365],[366],[365],[365],[365],[366],,,,,,,,,,,,,,,,,,,,,,,,,,,,,,,,,,,,,,,,,,,,,,,,,,,,,,,,,,
48,[365],[365],[366],[365],[365],[365],[366],[365],[365],[365],,,,,,,,,,,,,,,,,,,,,,,,,,,,,,,,,,,,,,,,,,,,,,,,,,,,,,,,,,,,,,,,,,,,,,,,,,,,,,,
49,[365],[366],[365],[365],[366],[365],[365],[365],[366],,,,,,,,,,,,,,,,,,,,,,,,,,,,,,,,,,,,,,,,,,,,,,,,,,,,,,,,,,,,,,,,,,,,,,,,,,,,,,,,
50,[365],[365],[366],[365],[365],[365],[366],[365],[365],[365],,,,,,,,,,,,,,,,,,,,,,,,,,,,,,,,,,,,,,,,,,,,,,,,,,,,,,,,,,,,,,,,,,,,,,,,,,,,,,,
51,[365],[365],[366],[365],[365],[365],[366],[365],[365],[365],[366],[365],[365],[365],[366],[365],[365],[365],[366],[365],[365],[365],[366],[365],[365],[365],[366],[365],[365],[365],[366],[365],[365],[365],[366],[365],[365],[365],[366],[365],[365],[365],[366],[365],[365],[365],[365],[365],[365],[366],[365],[365],[365],[366],[365],[365],,,,,,,,,,,,,,,,,,,,,,,,,,,,,,,,,
52,[365],[366],[365],[334],[365],[366],[365],[365],[365],[366],[365],[365],[365],[366],[365],[365],[365],[366],[365],[365],[365],[366],[365],[365],[365],[366],[365],[365],[365],[366],[365],[365],[365],[366],,,,,,,,,,,,,,,,,,,,,,,,,,,,,,,,,,,,,,,,,,,,,,,,,,,,,,,
53,[365],[365],[366],[365],[365],[365],[366],[365],[365],[365],[366],[365],[365],[365],[366],[365],[365],[365],[366],[365],[365],[365],[366],[365],[365],[365],[366],[365],[365],[365],[366],[365],[365],[365],[366],[365],[365],[365],[366],[365],[365],[365],,,,,,,,,,,,,,,,,,,,,,,,,,,,,,,,,,,,,,,,,,,,,,,
54,[365],[365],[366],[365],[365],[365],[366],[365],[365],[365],,,,,,,,,,,,,,,,,,,,,,,,,,,,,,,,,,,,,,,,,,,,,,,,,,,,,,,,,,,,,,,,,,,,,,,,,,,,,,,
55,[365],"[273, 61]",[365],[366],[365],[365],[365],[366],"[273, 61]",[365],[365],[366],[365],[365],[365],[366],[365],[365],[365],[366],[365],[365],[365],[366],"[242, 122]",[365],[365],[366],[365],[365],[365],,,,,,,,,,,,,,,,,,,,,,,,,,,,,,,,,,,,,,,,,,,,,,,,,,,,,,,,,,
56,[77],[365],[365],[365],[366],[365],[365],[366],,,,,,,,,,,,,,,,,,,,,,,,,,,,,,,,,,,,,,,,,,,,,,,,,,,,,,,,,,,,,,,,,,,,,,,,,,,,,,,,,
57,[365],[365],[366],[365],[365],[365],[366],[365],"[120, 243]",[365],,,,,,,,,,,,,,,,,,,,,,,,,,,,,,,,,,,,,,,,,,,,,,,,,,,,,,,,,,,,,,,,,,,,,,,,,,,,,,,
58,[365],[365],[366],[365],[365],[365],[366],[365],[365],[365],,,,,,,,,,,,,,,,,,,,,,,,,,,,,,,,,,,,,,,,,,,,,,,,,,,,,,,,,,,,,,,,,,,,,,,,,,,,,,,
59,[365],[365],[366],[365],[365],[365],[366],[365],[365],[311],[324],[365],[366],[365],[365],[365],[366],[365],[365],[366],[365],[365],[365],[366],[365],"[304, 31]",[365],[366],[365],[365],[365],[366],[365],[365],[365],[366],[365],[365],[365],[365],[365],[365],,,,,,,,,,,,,,,,,,,,,,,,,,,,,,,,,,,,,,,,,,,,,,,
60,[365],[365],[366],[365],[365],[365],[366],[365],"[233, 8, 92]",[365],,,,,,,,,,,,,,,,,,,,,,,,,,,,,,,,,,,,,,,,,,,,,,,,,,,,,,,,,,,,,,,,,,,,,,,,,,,,,,,
61,[365],[365],[366],[365],"[257, 37, 68]",[365],[366],"[151, 184]",[365],[296],,,,,,,,,,,,,,,,,,,,,,,,,,,,,,,,,,,,,,,,,,,,,,,,,,,,,,,,,,,,,,,,,,,,,,,,,,,,,,,
62,[366],[365],[365],[365],[366],[365],[365],[366],[365],[365],[365],[366],[365],[365],[365],[366],[365],[365],[365],[366],[365],[365],[365],[366],[365],[365],[365],"[59, 306]",[365],[365],[365],[366],[365],[365],[365],[366],[365],[365],[365],[366],[365],[365],[365],[366],[365],[365],[365],[366],[365],[365],[365],[366],[365],[365],[365],[366],[365],,,,,,,,,,,,,,,,,,,,,,,,,,,,,,,,
63,[365],[365],[366],[365],[365],[365],[366],[365],[365],[365],,,,,,,,,,,,,,,,,,,,,,,,,,,,,,,,,,,,,,,,,,,,,,,,,,,,,,,,,,,,,,,,,,,,,,,,,,,,,,,
64,[365],[365],[366],[365],[365],[365],[366],[365],[365],[365],,,,,,,,,,,,,,,,,,,,,,,,,,,,,,,,,,,,,,,,,,,,,,,,,,,,,,,,,,,,,,,,,,,,,,,,,,,,,,,
65,[366],[365],[365],[365],[366],[365],[365],[365],[366],[365],[365],[365],[366],[365],[365],[365],[366],[365],[365],[365],[366],[365],[365],[365],[366],[365],[365],[365],[366],[365],[365],[365],[366],[365],[365],[365],[366],[365],[365],[365],[366],[365],[365],[365],[366],[365],[365],[365],[366],[365],[365],[365],[366],[365],,,,,,,,,,,,,,,,,,,,,,,,,,,,,,,,,,,
66,[365],[365],[366],[365],[365],[365],[366],[365],[365],[365],,,,,,,,,,,,,,,,,,,,,,,,,,,,,,,,,,,,,,,,,,,,,,,,,,,,,,,,,,,,,,,,,,,,,,,,,,,,,,,
67,[365],[365],[366],[365],[365],[365],[366],[365],[365],[365],,,,,,,,,,,,,,,,,,,,,,,,,,,,,,,,,,,,,,,,,,,,,,,,,,,,,,,,,,,,,,,,,,,,,,,,,,,,,,,
68,[365],[365],[366],"[207, 157]","[185, 179]",[365],"[205, 122]",[365],,,,,,,,,,,,,,,,,,,,,,,,,,,,,,,,,,,,,,,,,,,,,,,,,,,,,,,,,,,,,,,,,,,,,,,,,,,,,,,,,
69,[365],[366],[365],[365],[365],[366],[365],[365],[366],,,,,,,,,,,,,,,,,,,,,,,,,,,,,,,,,,,,,,,,,,,,,,,,,,,,,,,,,,,,,,,,,,,,,,,,,,,,,,,,
70,[365],[366],[365],"[285, 31]",[365],[366],[365],[365],"[169, nan, 169]",[366],,,,,,,,,,,,,,,,,,,,,,,,,,,,,,,,,,,,,,,,,,,,,,,,,,,,,,,,,,,,,,,,,,,,,,,,,,,,,,,
71,[365],[365],[366],[365],[365],[365],[366],[365],[365],[365],,,,,,,,,,,,,,,,,,,,,,,,,,,,,,,,,,,,,,,,,,,,,,,,,,,,,,,,,,,,,,,,,,,,,,,,,,,,,,,
72,[365],[365],[366],[365],[365],[365],[366],[365],[365],[365],,,,,,,,,,,,,,,,,,,,,,,,,,,,,,,,,,,,,,,,,,,,,,,,,,,,,,,,,,,,,,,,,,,,,,,,,,,,,,,
73,[365],[365],[366],[365],[365],[365],[366],[365],[365],[365],[366],[365],[365],[365],[366],[365],[365],[365],[366],[365],[365],[365],[366],[365],[365],[365],[366],[365],[365],[365],[366],[365],[365],[365],[366],[365],[365],[365],[366],[365],[365],[365],,,,,,,,,,,,,,,,,,,,,,,,,,,,,,,,,,,,,,,,,,,,,,,
74,[366],[365],[365],[365],[366],[365],[365],[365],[366],[365],[365],[365],[366],[365],[365],[365],[366],[365],[365],[365],[366],"[286, 42]",[365],[366],[365],[365],[365],[366],[365],[365],[365],[366],[365],[365],[365],[366],[365],[365],[365],[366],[365],[365],[365],[366],[365],[365],[365],[366],[365],[365],[365],[366],[365],[365],[365],[366],[365],[365],[365],[366],[365],[365],,,,,,,,,,,,,,,,,,,,,,,,,,,
75,[365],[365],[366],,,,,,,,,,,,,,,,,,,,,,,,,,,,,,,,,,,,,,,,,,,,,,,,,,,,,,,,,,,,,,,,,,,,,,,,,,,,,,,,,,,,,,
76,"[151, 113, 63]","[140, 212]","[146, 117, 64]","[124, 125, 59]",[365],[366],[365],"[130, 208]",[365],[366],[365],[365],[365],[366],[365],[366],[365],[365],[366],[365],[365],[365],[366],[365],[365],[366],[365],[365],[365],[366],[121],,,,,,,,,,,,,,,,,,,,,,,,,,,,,,,,,,,,,,,,,,,,,,,,,,,,,,,,,,
77,[266],"[32, 282]",,,,,,,,,,,,,,,,,,,,,,,,,,,,,,,,,,,,,,,,,,,,,,,,,,,,,,,,,,,,,,,,,,,,,,,,,,,,,,,,,,,,,,,
78,[365],[365],[366],[365],[365],[365],[366],[365],[365],[365],[366],[365],[365],[365],[366],[365],[365],[365],"[59, 306]",,,,,,,,,,,,,,,,,,,,,,,,,,,,,,,,,,,,,,,,,,,,,,,,,,,,,,,,,,,,,,,,,,,,,,
79,[365],[365],[366],[365],[365],[365],[366],[365],[365],[365],,,,,,,,,,,,,,,,,,,,,,,,,,,,,,,,,,,,,,,,,,,,,,,,,,,,,,,,,,,,,,,,,,,,,,,,,,,,,,,
80,[365],[365],[366],[365],[365],[365],[366],[365],[365],[365],,,,,,,,,,,,,,,,,,,,,,,,,,,,,,,,,,,,,,,,,,,,,,,,,,,,,,,,,,,,,,,,,,,,,,,,,,,,,,,
81,[366],[365],[365],[365],[365],[365],[366],[365],[365],[365],[366],[365],[365],[365],[366],[365],[365],[365],[366],[365],[365],[365],[366],[365],[365],[365],[365],[365],,,,,,,,,,,,,,,,,,,,,,,,,,,,,,,,,,,,,,,,,,,,,,,,,,,,,,,,,,,,,
82,[365],[365],[366],[365],[365],[365],[366],[365],[365],[365],,,,,,,,,,,,,,,,,,,,,,,,,,,,,,,,,,,,,,,,,,,,,,,,,,,,,,,,,,,,,,,,,,,,,,,,,,,,,,,
83,[365],[365],[366],[365],[365],[365],[366],[365],[365],[365],[366],[365],[365],[365],[366],[365],[365],[365],[366],[365],[365],[365],[366],[365],,,,,,,,,,,,,,,,,,,,,,,,,,,,,,,,,,,,,,,,,,,,,,,,,,,,,,,,,,,,,,,,,
84,[215],[365],[365],[365],[366],[365],[365],[365],[366],[365],[365],[365],[313],[365],[365],[366],[365],[365],[365],[366],[365],[365],[365],[365],[365],[366],[365],[365],[365],[366],[365],[365],,,,,,,,,,,,,,,,,,,,,,,,,,,,,,,,,,,,,,,,,,,,,,,,,,,,,,,,,
85,[366],[365],[365],[365],[366],[365],[365],[365],[366],[365],[365],[365],[366],[365],[365],[365],[366],"[319, 21]",[365],[365],[366],[365],[365],[365],[366],[365],[365],[365],[366],[365],[365],[365],[366],[365],[365],[365],,,,,,,,,,,,,,,,,,,,,,,,,,,,,,,,,,,,,,,,,,,,,,,,,,,,,
86,[224],[365],[365],[366],[365],[365],[365],[366],[365],[365],[365],[366],[365],[365],[365],[366],[365],[365],[365],[366],[365],[365],[365],[366],[365],[365],[365],[366],[365],[365],[365],[366],[365],[365],[365],[366],[365],[365],[365],[366],[365],[365],[365],[366],,,,,,,,,,,,,,,,,,,,,,,,,,,,,,,,,,,,,,,,,,,,,
87,[365],[365],[366],[365],[365],[365],[366],[365],[365],,,,,,,,,,,,,,,,,,,,,,,,,,,,,,,,,,,,,,,,,,,,,,,,,,,,,,,,,,,,,,,,,,,,,,,,,,,,,,,,
88,[366],[365],[365],[365],[366],[365],[365],[365],[366],[365],[365],[365],[366],[365],[365],[365],[366],[365],[365],[365],[366],[365],[365],[365],[366],[365],[365],[365],[366],[365],[365],[365],[366],[365],[365],[365],[366],[365],[365],[365],[366],[365],[365],[365],,,,,,,,,,,,,,,,,,,,,,,,,,,,,,,,,,,,,,,,,,,,,
89,[366],[365],"[242, 60, 61]",[365],[366],[365],[365],[365],[366],[365],[365],,,,,,,,,,,,,,,,,,,,,,,,,,,,,,,,,,,,,,,,,,,,,,,,,,,,,,,,,,,,,,,,,,,,,,,,,,,,,,
90,[365],[365],[366],[365],[365],[365],[366],[365],[365],[365],[366],[365],[365],[366],[365],[365],[365],[366],[365],[365],[365],[366],[365],[365],[366],[365],[365],[365],[366],[365],"[148, 198]",[365],[366],[365],[365],[365],"[59, 306]",[365],[365],[365],[366],[365],"[212, 122]",[365],[366],[365],[365],[365],[366],[365],[365],[365],[366],[365],[326],,,,,,,,,,,,,,,,,,,,,,,,,,,,,,,,,,
91,[235],[365],[365],[365],[366],[365],[365],[365],[366],[365],[365],[365],[366],[365],[365],[365],[366],[365],[365],[365],[366],[365],[365],[365],[366],[365],[365],[365],[366],,,,,,,,,,,,,,,,,,,,,,,,,,,,,,,,,,,,,,,,,,,,,,,,,,,,,,,,,,,,
92,[366],[365],[365],[365],[366],[365],"[201, 139]",[365],,,,,,,,,,,,,,,,,,,,,,,,,,,,,,,,,,,,,,,,,,,,,,,,,,,,,,,,,,,,,,,,,,,,,,,,,,,,,,,,,
93,[365],[365],[366],[365],[365],[365],[366],[365],[365],,,,,,,,,,,,,,,,,,,,,,,,,,,,,,,,,,,,,,,,,,,,,,,,,,,,,,,,,,,,,,,,,,,,,,,,,,,,,,,,
94,[365],[365],[366],[365],[365],[365],[366],[365],[365],[365],,,,,,,,,,,,,,,,,,,,,,,,,,,,,,,,,,,,,,,,,,,,,,,,,,,,,,,,,,,,,,,,,,,,,,,,,,,,,,,
95,[133],[365],[365],[365],[366],[365],[365],[365],[366],[365],[365],[365],"[152, 160]",[365],[365],[334],[366],[365],[365],[365],[366],[365],[365],[365],[366],[365],[365],[365],[366],[365],[365],[365],[366],[365],[365],[365],[366],[365],[365],[365],[366],[365],[365],[365],[366],[365],[365],[365],[366],[365],[365],[365],[366],[365],[365],[365],[366],[365],[365],[365],[366],[365],[365],[365],[366],[365],[365],[365],[366],[365],[365],[365],[366],[365],[365],[365],[366],[365],[365],[366],[365],[365],[365],[366],[365],[365],[365],[366],[365]
96,[365],[366],[365],[365],[365],[365],[365],[365],[365],[365],[365],[366],[365],[365],[365],[366],[365],[365],[365],[366],[365],[365],[365],[366],[365],[365],[365],[366],[365],[365],[365],[366],,,,,,,,,,,,,,,,,,,,,,,,,,,,,,,,,,,,,,,,,,,,,,,,,,,,,,,,,
97,[365],[365],[366],[365],[365],[365],[366],[365],[365],[365],,,,,,,,,,,,,,,,,,,,,,,,,,,,,,,,,,,,,,,,,,,,,,,,,,,,,,,,,,,,,,,,,,,,,,,,,,,,,,,
98,[366],[365],[365],[365],[366],[308],[365],[366],[365],[365],[365],[366],[365],[365],[365],[366],[365],[365],[365],[366],[365],[365],[365],[366],[365],[365],[365],[366],[365],[365],[365],[366],[365],[365],[365],[366],[365],[365],[365],[366],[365],[365],[365],[366],[365],[365],[365],,,,,,,,,,,,,,,,,,,,,,,,,,,,,,,,,,,,,,,,,,
99,[365],[365],[365],[366],[365],[365],[365],[366],[365],[365],[365],[366],[365],[365],[365],[366],[365],[365],[365],[366],[365],[365],[365],"[288, 36]","[287, 51]",[365],[365],[366],[365],[365],[365],[366],[365],[365],[365],[366],[365],[365],[365],[366],[365],[365],[365],[366],[365],[365],[365],[366],[365],[365],[365],[366],,,,,,,,,,,,,,,,,,,,,,,,,,,,,,,,,,,,,
100,[366],[365],[365],[365],[366],[365],[365],[365],,,,,,,,,,,,,,,,,,,,,,,,,,,,,,,,,,,,,,,,,,,,,,,,,,,,,,,,,,,,,,,,,,,,,,,,,,,,,,,,,
101,[365],[365],[366],[365],[365],[365],[366],[365],[365],[365],,,,,,,,,,,,,,,,,,,,,,,,,,,,,,,,,,,,,,,,,,,,,,,,,,,,,,,,,,,,,,,,,,,,,,,,,,,,,,,
102,[366],[365],[365],[365],[366],[365],[365],[365],[366],[365],[365],[365],[366],[365],[365],[365],[366],[365],[365],[365],[366],[365],[365],[365],[366],[365],[365],[365],[366],"[101, 245]",[365],,,,,,,,,,,,,,,,,,,,,,,,,,,,,,,,,,,,,,,,,,,,,,,,,,,,,,,,,,
103,[365],[365],[365],[366],[365],[365],[365],[366],[365],[365],[365],[366],[365],[365],[365],[366],[365],[365],[365],[366],[365],[365],[365],[366],[365],[365],[365],[366],[365],[365],,,,,,,,,,,,,,,,,,,,,,,,,,,,,,,,,,,,,,,,,,,,,,,,,,,,,,,,,,,
104,[365],[365],[366],[365],[365],[365],[365],[365],[365],,,,,,,,,,,,,,,,,,,,,,,,,,,,,,,,,,,,,,,,,,,,,,,,,,,,,,,,,,,,,,,,,,,,,,,,,,,,,,,,
105,[365],[365],[366],[365],[365],[365],[366],[365],[365],[365],,,,,,,,,,,,,,,,,,,,,,,,,,,,,,,,,,,,,,,,,,,,,,,,,,,,,,,,,,,,,,,,,,,,,,,,,,,,,,,
106,[365],[365],[366],[365],[365],[365],[366],[365],[365],[365],[366],[365],[365],[365],[366],[365],[365],[365],[366],[365],[365],[365],[366],[365],[365],[365],[366],[365],[365],[365],[366],[365],[365],[365],[366],[365],[310],"[105, 206]",[366],[365],[365],[365],[366],[365],[365],[365],[366],[365],,,,,,,,,,,,,,,,,,,,,,,,,,,,,,,,,,,,,,,,,
107,[365],[365],[366],[365],[365],[365],[366],[365],[365],[365],,,,,,,,,,,,,,,,,,,,,,,,,,,,,,,,,,,,,,,,,,,,,,,,,,,,,,,,,,,,,,,,,,,,,,,,,,,,,,,
108,[366],[365],[365],[365],[366],[365],[366],[365],[365],[365],[366],[365],[365],[365],[366],[365],[365],[365],[366],[365],[365],[366],[365],[365],[365],[366],[365],[365],[365],[366],[365],[365],[365],[366],[365],[365],[365],[366],[365],[365],[365],[366],"[143, 216]",[365],"[145, 217]",[366],"[142, 218]",[365],,,,,,,,,,,,,,,,,,,,,,,,,,,,,,,,,,,,,,,,,
109,[365],[365],[366],[365],[365],[365],[366],[365],[365],[365],,,,,,,,,,,,,,,,,,,,,,,,,,,,,,,,,,,,,,,,,,,,,,,,,,,,,,,,,,,,,,,,,,,,,,,,,,,,,,,
110,[366],[365],[365],[365],[366],[365],[365],[365],[366],[365],[365],[365],[366],[365],[365],[365],[366],[365],[365],[365],[366],[365],[365],[365],[366],[365],[365],[365],[366],[365],[365],[365],[366],[365],[365],[365],[366],[365],[365],[365],[366],[365],[365],[365],[366],[365],[365],[365],[366],[365],[365],[365],[366],[365],[365],[365],[366],[365],[365],[365],[366],[365],,,,,,,,,,,,,,,,,,,,,,,,,,,
111,[365],[365],[366],[365],[365],[365],[366],[365],[365],[365],[366],[365],[365],[365],[366],[365],[365],[365],[366],[365],[365],[365],[366],[365],[365],[365],[366],[365],[365],[365],[366],[365],[365],[365],[366],[365],[365],[365],[366],[365],[365],[365],[366],,,,,,,,,,,,,,,,,,,,,,,,,,,,,,,,,,,,,,,,,,,,,,
112,[365],[365],[366],[365],[365],[365],[366],[365],"[67, 296]",[365],,,,,,,,,,,,,,,,,,,,,,,,,,,,,,,,,,,,,,,,,,,,,,,,,,,,,,,,,,,,,,,,,,,,,,,,,,,,,,,
113,[365],[366],[365],[365],[365],[366],[365],[365],[365],[366],[365],[365],[365],[366],[365],[365],[365],[366],[365],[365],[365],[366],[365],[365],[365],[366],[365],,,,,,,,,,,,,,,,,,,,,,,,,,,,,,,,,,,,,,,,,,,,,,,,,,,,,,,,,,,,,,
114,[365],[366],[365],[365],[365],[366],[365],[365],[365],[366],[365],[365],[365],[366],[365],[365],[365],[366],[365],[365],[365],"[59, 306]",[365],[365],[365],[366],[365],,,,,,,,,,,,,,,,,,,,,,,,,,,,,,,,,,,,,,,,,,,,,,,,,,,,,,,,,,,,,,
115,[365],[365],[366],[365],[365],[365],[366],[365],[365],[365],,,,,,,,,,,,,,,,,,,,,,,,,,,,,,,,,,,,,,,,,,,,,,,,,,,,,,,,,,,,,,,,,,,,,,,,,,,,,,,
116,[365],[366],[365],[365],[365],[366],[365],"[30, 18, 38, 60, 60, 30, 60, 60]","[30, 18, 38, 60, 60, 30, 60, 60]","[30, 18, 38, 60, 60, 30, 60, 60]",[366],[365],[365],[365],[366],[365],[365],[365],[366],[365],[365],[365],[366],[365],[365],[365],"[59, 306]",[365],[365],[365],[366],[365],[365],[365],[366],[365],[365],[365],[366],[365],[365],[365],,,,,,,,,,,,,,,,,,,,,,,,,,,,,,,,,,,,,,,,,,,,,,,
117,[366],[365],[365],[366],[365],[365],[365],[365],[366],[365],[365],[365],[366],[365],[365],[365],[366],[365],[365],[365],[366],[365],[365],[365],[366],[365],[365],[365],[366],[365],[365],[365],[366],[365],[365],[365],[366],[365],[365],[364],,,,,,,,,,,,,,,,,,,,,,,,,,,,,,,,,,,,,,,,,,,,,,,,,
118,[365],[366],[365],[365],[365],[366],[365],[365],"[124, 182]",[366],,,,,,,,,,,,,,,,,,,,,,,,,,,,,,,,,,,,,,,,,,,,,,,,,,,,,,,,,,,,,,,,,,,,,,,,,,,,,,,
119,[365],[365],[366],[365],[365],[365],"[59, 306]",[365],[365],[365],[366],[365],[365],[365],[366],[365],,,,,,,,,,,,,,,,,,,,,,,,,,,,,,,,,,,,,,,,,,,,,,,,,,,,,,,,,,,,,,,,,,,,,,,,,
120,[365],[365],[366],[365],[365],[365],[366],[365],[365],[365],[366],[365],[365],[365],[366],[365],[365],[365],[366],[365],,,,,,,,,,,,,,,,,,,,,,,,,,,,,,,,,,,,,,,,,,,,,,,,,,,,,,,,,,,,,,,,,,,,,
121,[365],[365],,,,,,,,,,,,,,,,,,,,,,,,,,,,,,,,,,,,,,,,,,,,,,,,,,,,,,,,,,,,,,,,,,,,,,,,,,,,,,,,,,,,,,,
122,[280],[365],[365],[365],[366],[365],[365],[365],[365],[365],[365],[366],[365],[365],[365],[366],[365],[365],[365],[366],[365],[365],[365],[366],[365],[365],[365],[366],,,,,,,,,,,,,,,,,,,,,,,,,,,,,,,,,,,,,,,,,,,,,,,,,,,,,,,,,,,,,
123,[365],[366],[365],[365],[365],[366],[365],[365],[365],[366],[365],[365],[365],[366],[365],[365],[365],[366],[365],[365],[365],[366],[365],[365],[365],[366],[365],"[290, 31]",[365],[366],[365],[365],[365],[366],[365],[365],[365],[366],[365],[365],[365],[366],[365],[365],[365],[366],[365],[365],[365],[366],[365],[365],[365],[366],[365],[365],[365],[366],[365],[365],[365],[366],[365],[365],[365],[366],[365],[365],[365],[366],[365],[365],[365],[366],[365],[365],[365],,,,,,,,,,,,
124,[366],[365],[365],[365],[366],[365],[334],[365],[365],[366],[365],[365],[365],[366],[365],[365],[365],"[181, 184]",[365],[365],[365],[366],[365],[365],[366],[365],[365],[365],[366],[365],[365],[365],[366],[365],[365],[365],[366],[365],[365],[365],[366],[365],[365],[365],[366],[365],[365],[365],[365],[365],[366],[365],[365],[365],[366],[365],[365],,,,,,,,,,,,,,,,,,,,,,,,,,,,,,,,
125,[365],[365],[366],[365],[365],[365],[366],[365],[365],,,,,,,,,,,,,,,,,,,,,,,,,,,,,,,,,,,,,,,,,,,,,,,,,,,,,,,,,,,,,,,,,,,,,,,,,,,,,,,,
126,[365],[365],[366],[365],[365],[365],[366],[365],[365],[365],,,,,,,,,,,,,,,,,,,,,,,,,,,,,,,,,,,,,,,,,,,,,,,,,,,,,,,,,,,,,,,,,,,,,,,,,,,,,,,
127,[365],[365],[366],[365],[365],[365],[366],[365],[365],[365],,,,,,,,,,,,,,,,,,,,,,,,,,,,,,,,,,,,,,,,,,,,,,,,,,,,,,,,,,,,,,,,,,,,,,,,,,,,,,,
128,[365],[366],[365],[365],[365],[366],[365],[365],[365],,,,,,,,,,,,,,,,,,,,,,,,,,,,,,,,,,,,,,,,,,,,,,,,,,,,,,,,,,,,,,,,,,,,,,,,,,,,,,,,
129,[366],[365],[365],[365],[366],[365],[365],[365],[366],[365],[365],,,,,,,,,,,,,,,,,,,,,,,,,,,,,,,,,,,,,,,,,,,,,,,,,,,,,,,,,,,,,,,,,,,,,,,,,,,,,,
130,[365],[365],[365],[366],[365],[365],[365],"[59, 306]",[365],[365],[365],[366],[365],[365],[365],[366],[365],[365],[365],[366],[365],[365],[365],"[29, 335]",[365],[365],[365],[366],[365],[365],[365],[366],[365],[365],[365],,,,,,,,,,,,,,,,,,,,,,,,,,,,,,,,,,,,,,,,,,,,,,,,,,,,,,
131,,,,,,,,,,,,,,,,,,,,,,,,,,,,,,,,,,,,,,,,,,,,,,,,,,,,,,,,,,,,,,,,,,,,,,,,,,,,,,,,,,,,,,,,,
132,[365],[365],[365],[366],[365],[365],,,,,,,,,,,,,,,,,,,,,,,,,,,,,,,,,,,,,,,,,,,,,,,,,,,,,,,,,,,,,,,,,,,,,,,,,,,,,,,,,,,
133,[366],[365],[365],[365],[366],[365],[365],[365],[366],[365],[365],[365],[366],[365],[365],[366],[365],[365],[365],[366],[365],[365],[365],[366],[365],[365],[365],[366],[365],[365],[365],[366],[365],[365],[365],[366],[365],[365],[365],[366],[365],[365],[365],[366],[365],[365],[365],[365],[365],[366],[365],[365],[365],[366],[365],[365],,,,,,,,,,,,,,,,,,,,,,,,,,,,,,,,,
134,[365],[365],[366],[365],[365],[365],[366],"[93, 271]",[365],[365],,,,,,,,,,,,,,,,,,,,,,,,,,,,,,,,,,,,,,,,,,,,,,,,,,,,,,,,,,,,,,,,,,,,,,,,,,,,,,,
135,[365],,,,,,,,,,,,,,,,,,,,,,,,,,,,,,,,,,,,,,,,,,,,,,,,,,,,,,,,,,,,,,,,,,,,,,,,,,,,,,,,,,,,,,,,
136,[365],[365],[365],[366],[365],[365],[365],[366],[365],[365],[365],[366],[365],[365],[365],[366],[365],[365],[365],[366],[365],[365],[365],[366],[365],[365],[365],[366],[365],[365],[365],[366],[365],[365],[365],[366],[365],[365],[365],[366],[365],[365],[365],[366],[365],[365],[365],[366],[365],[365],[365],,,,,,,,,,,,,,,,,,,,,,,,,,,,,,,,,,,,,,
137,[365],[365],[366],[365],[365],[365],[366],[365],[365],,,,,,,,,,,,,,,,,,,,,,,,,,,,,,,,,,,,,,,,,,,,,,,,,,,,,,,,,,,,,,,,,,,,,,,,,,,,,,,,
138,[366],[365],[365],[365],[366],[365],[365],[365],[366],[365],[365],[365],[366],[365],[365],[365],[366],,,,,,,,,,,,,,,,,,,,,,,,,,,,,,,,,,,,,,,,,,,,,,,,,,,,,,,,,,,,,,,,,,,,,,,,
139,[365],[365],[366],[365],[365],[365],[366],[365],[365],[365],[366],[365],[365],[365],[366],[365],[365],[365],[366],[365],[365],[365],[365],[366],[365],[365],[365],[366],,,,,,,,,,,,,,,,,,,,,,,,,,,,,,,,,,,,,,,,,,,,,,,,,,,,,,,,,,,,,
140,[365],[365],[366],[365],[365],[365],[366],[365],[365],[365],,,,,,,,,,,,,,,,,,,,,,,,,,,,,,,,,,,,,,,,,,,,,,,,,,,,,,,,,,,,,,,,,,,,,,,,,,,,,,,
141,[365],[365],[366],[365],[365],[365],[366],[365],[365],[365],,,,,,,,,,,,,,,,,,,,,,,,,,,,,,,,,,,,,,,,,,,,,,,,,,,,,,,,,,,,,,,,,,,,,,,,,,,,,,,
142,[365],[365],[366],[365],[365],[365],[366],[365],[365],[365],[366],[365],[365],[365],[366],[365],[365],[365],[366],[365],[365],[365],[366],[365],[365],[365],[366],[365],[365],[365],[366],[365],[365],[365],[366],[365],[365],[365],,,,,,,,,,,,,,,,,,,,,,,,,,,,,,,,,,,,,,,,,,,,,,,,,,,
143,[365],[365],[366],[365],[365],[365],[366],[365],[365],[365],,,,,,,,,,,,,,,,,,,,,,,,,,,,,,,,,,,,,,,,,,,,,,,,,,,,,,,,,,,,,,,,,,,,,,,,,,,,,,,
144,[365],[366],[365],[365],[365],[366],[365],[365],[365],[366],[365],[365],[365],[366],[365],[365],[365],[366],[365],[365],[365],[366],[365],[365],[365],[366],[365],[365],[365],[366],[365],[365],[365],[366],[365],[365],[365],[366],[365],[365],[365],[366],[365],[365],[365],[366],[365],[365],[365],[366],[365],[365],,,,,,,,,,,,,,,,,,,,,,,,,,,,,,,,,,,,,
145,[352],[365],[366],[365],[365],[365],[350],[365],[365],[365],[366],"[35, 14, 301]",[365],[365],[366],[365],[365],[365],[366],[365],[365],[365],[366],[365],[365],[366],[365],[365],[365],[366],[365],[365],[365],[366],[365],[365],[365],[366],[365],[365],[365],[366],[365],[365],[365],[366],[365],[365],[365],[366],[365],[365],[366],[365],[365],[365],[366],[365],[365],[365],[366],[365],[365],[365],[366],[365],[365],[365],[366],[365],[365],[365],[366],[365],[365],[365],[365],[365],,,,,,,,,,,
146,[366],[365],[365],[365],[366],[365],[365],[365],[366],[365],[365],[365],[366],[365],[365],[365],[366],[365],[365],[365],[366],[365],[319],[366],[365],[365],[365],[366],[365],[365],[365],[366],[365],[365],[365],[366],[365],[365],[365],[366],[365],[365],[365],[366],[365],[365],[365],[366],[365],[365],[365],[366],[365],[365],,,,,,,,,,,,,,,,,,,,,,,,,,,,,,,,,,,
147,[365],[365],[366],[365],"[281, 32]",[365],"[121, 244]",[365],[365],[365],,,,,,,,,,,,,,,,,,,,,,,,,,,,,,,,,,,,,,,,,,,,,,,,,,,,,,,,,,,,,,,,,,,,,,,,,,,,,,,
148,[365],[365],[366],[365],[365],[365],[366],[365],[365],[365],,,,,,,,,,,,,,,,,,,,,,,,,,,,,,,,,,,,,,,,,,,,,,,,,,,,,,,,,,,,,,,,,,,,,,,,,,,,,,,
149,[365],[365],[366],[365],[365],[365],[366],[365],[365],[365],,,,,,,,,,,,,,,,,,,,,,,,,,,,,,,,,,,,,,,,,,,,,,,,,,,,,,,,,,,,,,,,,,,,,,,,,,,,,,,
150,[238],[365],[365],[366],[365],[365],[365],[366],[365],[365],[365],[366],[365],,,,,,,,,,,,,,,,,,,,,,,,,,,,,,,,,,,,,,,,,,,,,,,,,,,,,,,,,,,,,,,,,,,,,,,,,,,,
151,[365],[366],[365],"[304, 31]",[365],[366],[365],[365],[365],[366],,,,,,,,,,,,,,,,,,,,,,,,,,,,,,,,,,,,,,,,,,,,,,,,,,,,,,,,,,,,,,,,,,,,,,,,,,,,,,,
152,[365],[365],[366],[365],[365],[365],[366],[365],[365],[365],,,,,,,,,,,,,,,,,,,,,,,,,,,,,,,,,,,,,,,,,,,,,,,,,,,,,,,,,,,,,,,,,,,,,,,,,,,,,,,
153,[365],[366],[365],[365],[365],[366],[365],[365],[365],[366],[365],[365],[365],[366],[365],[365],[365],[366],[365],[365],[366],[365],[365],[365],[366],[365],[365],[365],[366],[365],[365],[365],,,,,,,,,,,,,,,,,,,,,,,,,,,,,,,,,,,,,,,,,,,,,,,,,,,,,,,,,
154,[365],[366],[365],[365],[365],[366],[365],"[123, 123, 99]",[365],[366],[365],[365],[365],[366],[365],[365],[365],[366],[365],[365],[365],[366],[365],[365],[365],"[30, 28, 183, 60, 61]",[365],[365],"[59, 306]",[365],[365],[365],[366],[365],[365],[365],[366],[365],[365],[366],[365],[365],[365],[366],[365],[364],[365],[366],[365],[365],[365],[366],[365],[365],[365],[366],[365],[365],[365],[366],[365],[365],[365],[366],[365],[365],[365],[366],[365],[365],[365],[366],[365],[365],[365],,,,,,,,,,,,,,
155,[338],[312],[366],[365],[366],[365],[365],"[152, 118, 39]","[115, 129, 66]","[115, 126, 70]",[365],[366],[365],[365],[365],[365],[365],[365],[366],[365],[365],[365],[366],[365],[365],[365],[366],[365],[365],[365],[366],[365],[365],[366],,,,,,,,,,,,,,,,,,,,,,,,,,,,,,,,,,,,,,,,,,,,,,,,,,,,,,,
156,[366],[365],[365],[365],[366],[365],[365],[365],[366],[365],[365],[365],[366],[365],[365],[365],[366],[365],[365],[365],[366],[365],[365],[365],[366],[365],[365],[365],[366],[365],[365],[365],[366],[365],[365],[365],[366],[365],[365],[365],[366],[365],[365],[365],[366],[365],[365],[365],[366],[365],[365],[365],[366],[365],[365],[365],[366],[365],[365],,,,,,,,,,,,,,,,,,,,,,,,,,,,,,
157,[365],[366],[365],[365],[365],[366],[365],[365],[365],[366],[365],[365],[366],[365],[365],[365],[366],[365],[365],[365],[366],[365],[365],,,,,,,,,,,,,,,,,,,,,,,,,,,,,,,,,,,,,,,,,,,,,,,,,,,,,,,,,,,,,,,,,,
158,[365],[366],[365],[365],[365],[366],"[151, 184]",[365],[365],[366],,,,,,,,,,,,,,,,,,,,,,,,,,,,,,,,,,,,,,,,,,,,,,,,,,,,,,,,,,,,,,,,,,,,,,,,,,,,,,,
159,[365],[366],[365],[365],[365],[366],[365],[365],"[288, 31]",[365],[365],[366],[365],[365],[365],[366],[365],[365],[365],[366],[365],[365],[365],[366],[365],[365],[365],[366],[365],[365],[365],[366],[365],[365],[365],[366],[365],[365],[365],[366],[365],[365],[365],[366],[365],[365],[365],,,,,,,,,,,,,,,,,,,,,,,,,,,,,,,,,,,,,,,,,,
160,[365],[365],[366],[365],[365],[365],[366],[365],[365],[365],,,,,,,,,,,,,,,,,,,,,,,,,,,,,,,,,,,,,,,,,,,,,,,,,,,,,,,,,,,,,,,,,,,,,,,,,,,,,,,
161,[365],[365],[366],[365],[365],[365],[366],[365],[365],[365],,,,,,,,,,,,,,,,,,,,,,,,,,,,,,,,,,,,,,,,,,,,,,,,,,,,,,,,,,,,,,,,,,,,,,,,,,,,,,,
162,[365],[365],[366],[365],[365],[365],[366],[365],[365],[365],,,,,,,,,,,,,,,,,,,,,,,,,,,,,,,,,,,,,,,,,,,,,,,,,,,,,,,,,,,,,,,,,,,,,,,,,,,,,,,
163,[365],"[150, 214]",[366],"[150, 214]",[365],[366],[365],"[163, 201]",[365],,,,,,,,,,,,,,,,,,,,,,,,,,,,,,,,,,,,,,,,,,,,,,,,,,,,,,,,,,,,,,,,,,,,,,,,,,,,,,,,
164,[366],[365],[365],[365],[366],[365],[365],[365],[366],[365],[365],[365],[366],[365],[365],[365],[366],[365],[365],[365],[366],[365],[365],[365],[366],[365],[365],[365],[366],[365],[365],[365],[366],[365],[365],[365],[366],[365],[365],[365],[366],[365],[365],[365],[366],[365],[365],[365],[366],[365],[365],[365],[366],[365],[365],[365],[366],[365],[304],,,,,,,,,,,,,,,,,,,,,,,,,,,,,,
165,[365],[365],[366],[365],[365],[365],[366],[365],[365],[365],,,,,,,,,,,,,,,,,,,,,,,,,,,,,,,,,,,,,,,,,,,,,,,,,,,,,,,,,,,,,,,,,,,,,,,,,,,,,,,
166,[364],[365],[366],[365],[365],[365],[366],[365],[365],[365],[366],[365],[365],[365],[366],[365],[365],[365],[366],[365],[365],[365],[366],[365],[365],[365],[366],[365],[365],[365],[366],[365],[365],[365],[366],[365],[365],[365],[366],,,,,,,,,,,,,,,,,,,,,,,,,,,,,,,,,,,,,,,,,,,,,,,,,,
167,[365],[366],[365],[365],[365],[366],[365],[365],[365],[366],,,,,,,,,,,,,,,,,,,,,,,,,,,,,,,,,,,,,,,,,,,,,,,,,,,,,,,,,,,,,,,,,,,,,,,,,,,,,,,
168,[365],[366],[365],[365],[365],[365],[365],"[3, 348]",[366],[365],[365],[365],[366],[365],[365],[365],[366],[365],[365],[365],[366],[365],[365],[365],[366],[306],[365],[365],[365],[366],[365],[365],,,,,,,,,,,,,,,,,,,,,,,,,,,,,,,,,,,,,,,,,,,,,,,,,,,,,,,,,
169,[366],[365],[365],[365],[366],[365],[365],[365],[366],[365],[365],[365],[366],[365],[365],[365],[366],[365],[365],[365],[366],[365],[365],[365],[366],[365],[365],[365],[366],[365],[365],[365],[366],[365],[365],[365],[366],[365],[365],"[211, 153]",[365],[365],[366],[365],[365],[365],[366],[365],[365],[365],[366],[365],[365],[365],[366],[365],[365],,,,,,,,,,,,,,,,,,,,,,,,,,,,,,,,
170,[365],[365],[366],[365],[365],[365],[366],[365],[365],[365],,,,,,,,,,,,,,,,,,,,,,,,,,,,,,,,,,,,,,,,,,,,,,,,,,,,,,,,,,,,,,,,,,,,,,,,,,,,,,,
171,[365],[365],[366],[365],[365],[365],[366],[365],[365],[365],,,,,,,,,,,,,,,,,,,,,,,,,,,,,,,,,,,,,,,,,,,,,,,,,,,,,,,,,,,,,,,,,,,,,,,,,,,,,,,
172,[365],[365],[366],[365],[365],[365],[366],[365],[365],[365],,,,,,,,,,,,,,,,,,,,,,,,,,,,,,,,,,,,,,,,,,,,,,,,,,,,,,,,,,,,,,,,,,,,,,,,,,,,,,,
173,[365],[365],[366],[365],[365],[365],[366],[365],[365],,,,,,,,,,,,,,,,,,,,,,,,,,,,,,,,,,,,,,,,,,,,,,,,,,,,,,,,,,,,,,,,,,,,,,,,,,,,,,,,
174,[365],[365],[366],"[212, 122]",[365],[365],[366],[365],[365],[365],[366],[365],[365],[365],[366],[365],[365],[365],[366],,,,,,,,,,,,,,,,,,,,,,,,,,,,,,,,,,,,,,,,,,,,,,,,,,,,,,,,,,,,,,,,,,,,,,
175,[365],[365],[366],[365],[365],[365],[366],[365],[365],[365],[365],[365],"[91, 245]",[366],[365],[365],[366],[365],[365],[365],[366],[365],[365],[365],[366],[365],[365],[365],[366],[365],[365],[365],[366],[365],[365],[365],[366],[365],[365],[366],[365],[365],[365],,,,,,,,,,,,,,,,,,,,,,,,,,,,,,,,,,,,,,,,,,,,,,
176,[365],[365],[366],[365],[365],[365],[366],[365],[365],[365],[366],[365],[365],[365],[366],[365],[365],[365],[366],[365],[365],[365],[366],[365],[365],[365],[366],[365],[365],[365],[366],[365],[366],[365],[365],[365],[366],[365],[365],[365],,,,,,,,,,,,,,,,,,,,,,,,,,,,,,,,,,,,,,,,,,,,,,,,,
177,[365],[365],[366],[365],[365],[365],[366],[365],[365],[365],[366],[365],[365],[365],[366],[365],[365],[365],[366],"[30, 334]",[365],[366],"[150, 214]",[365],[365],"[91, 225]",[365],[365],[366],[365],[365],[365],,,,,,,,,,,,,,,,,,,,,,,,,,,,,,,,,,,,,,,,,,,,,,,,,,,,,,,,,
178,[365],[365],[365],[365],[365],[366],[365],[365],[365],[366],[365],[365],[366],[365],"[314, 31]",[315],[335],[365],[366],[365],[365],[324],[366],[365],[365],"[305, 31]",[366],[365],[365],[365],[366],[365],[365],[365],[366],[365],[365],[365],[366],[365],[365],[365],[366],[365],[365],[365],,,,,,,,,,,,,,,,,,,,,,,,,,,,,,,,,,,,,,,,,,,
179,[365],[365],[366],[365],[365],[365],[366],[365],[365],[365],,,,,,,,,,,,,,,,,,,,,,,,,,,,,,,,,,,,,,,,,,,,,,,,,,,,,,,,,,,,,,,,,,,,,,,,,,,,,,,
180,[365],[365],[366],[365],[365],[365],[366],[365],"[98, 190, 19]",[366],[365],"[108, 217]",[365],[366],[365],[365],[365],[366],[365],[365],[365],[366],[365],[365],[365],[366],[365],[365],[365],[366],[365],[365],[365],[366],[365],[365],[365],[366],[365],[365],,,,,,,,,,,,,,,,,,,,,,,,,,,,,,,,,,,,,,,,,,,,,,,,,
181,[365],[365],[366],[365],[365],[365],[366],[365],[365],[365],,,,,,,,,,,,,,,,,,,,,,,,,,,,,,,,,,,,,,,,,,,,,,,,,,,,,,,,,,,,,,,,,,,,,,,,,,,,,,,
182,[244],[365],[366],[365],[365],[365],[366],[365],[365],[365],[366],[365],[365],[365],[366],[365],[365],[365],[366],[365],[365],[365],[366],[365],[365],[365],[366],[365],[365],"[59, 306]",[365],[365],[365],[366],[365],[365],[365],[366],[365],[365],[365],[366],[308],,,,,,,,,,,,,,,,,,,,,,,,,,,,,,,,,,,,,,,,,,,,,,
183,[365],[365],[366],[365],[365],[365],[366],[365],[365],[365],,,,,,,,,,,,,,,,,,,,,,,,,,,,,,,,,,,,,,,,,,,,,,,,,,,,,,,,,,,,,,,,,,,,,,,,,,,,,,,
184,[365],[365],[366],[365],[365],[365],[366],[365],[365],[365],[366],[365],[365],[365],[366],[365],[365],[365],[365],[365],[365],[366],[365],[365],[365],[365],[366],,,,,,,,,,,,,,,,,,,,,,,,,,,,,,,,,,,,,,,,,,,,,,,,,,,,,,,,,,,,,,
185,[365],[365],[366],[365],[365],[365],[366],[365],[365],[365],,,,,,,,,,,,,,,,,,,,,,,,,,,,,,,,,,,,,,,,,,,,,,,,,,,,,,,,,,,,,,,,,,,,,,,,,,,,,,,
